paradigm,subject,C3_left,C3_right,C4_left,C4_right,lat_index
imagined,1,-26.002764849209548,-26.2858241709436,-26.16458204719502,-26.05340288146237,0.39423848746669776
imagined,2,-26.348141320582236,-26.614367066809493,-26.886398115488365,-26.75484606215798,0.39777779955764103
imagined,3,-26.167306618269016,-26.060399239495265,-25.98583890371015,-25.917296266371384,-0.038364741434985916
imagined,4,-28.091605795554727,-28.422546549749242,-28.02381869761532,-27.791407805919434,0.5633516458903998
imagined,5,-27.843589624134044,-27.755641645650233,-27.4751692172923,-27.45788188889574,-0.07066065008725175
imagined,6,-27.427105183085263,-27.46985356637229,-27.623035136822086,-27.65205518508133,0.013728335027781924
imagined,7,-25.374000033971424,-25.702031024615383,-26.161136804063872,-25.509589979156313,0.9795778155515187
imagined,8,-27.148203178006096,-27.24654821533468,-27.169437327846925,-26.966324786907318,0.30145757826819164
imagined,9,-26.03363134276954,-26.00267973783976,-25.88480594490383,-25.884642166932366,-0.030787826958313502
imagined,10,-26.005383036223737,-26.018919216601496,-26.018828072568265,-25.43464053814108,0.5977237148049461
imagined,11,-28.15695451612706,-28.190340722271007,-27.998488989688315,-28.176343202275834,-0.14446800644357083
imagined,12,-27.523428225214843,-27.613089592629,-27.397400094966358,-27.428125074071648,0.05893638830886516
imagined,13,-25.741910125042537,-25.886717408858647,-26.02752887158881,-25.925089834709865,0.24724632069505503
imagined,14,-26.157494082820037,-25.900250706524677,-25.961106571656725,-25.7805107525991,-0.07664755723773453
imagined,15,-25.325941948272153,-25.39992132757627,-25.699089472308877,-25.43865547525138,0.3344133763616135
imagined,16,-27.28623210697276,-27.520859440275377,-27.136895699268496,-27.223865515814747,0.14765751675636452
imagined,17,-25.138903969784813,-25.19417061824662,-25.555964152619886,-25.57910220268793,0.032128598393761365
imagined,18,-29.43949742522316,-29.510017523434687,-29.236514748034633,-29.323649804043725,-0.0166149577975645
imagined,19,-26.105094036846136,-26.105019489154483,-26.44905185527849,-26.17947151692955,0.26950579065728775
imagined,20,-28.79161219605145,-28.962784828353975,-28.976571920305954,-28.975984593059437,0.17175995954904266
imagined,21,-27.280277231055035,-27.31831808118162,-27.499895210417208,-27.352678038304596,0.1852580222391964
imagined,22,-26.07487508163712,-26.078642976180113,-25.679462414613184,-25.626038390676047,0.057191918480128834
imagined,23,-26.062154968089533,-25.717027350318478,-25.885766334850885,-25.499145854048216,0.041492863031614036
imagined,24,-26.41000102666677,-26.47350202367837,-26.4040251270913,-26.41309309122256,0.05443303288033974
imagined,25,-27.918184901352358,-27.98751550186673,-27.914405518143884,-27.454552187466508,0.5291839311917492
imagined,26,-28.851823447907492,-28.824996029131263,-28.656389760603037,-28.533312547368524,0.0962497944582843
imagined,27,-25.85049406934748,-25.523895895901827,-25.67809863351053,-25.284728882080902,0.0667715779839746
imagined,28,-25.04911289361908,-25.10692570905341,-25.011851696897498,-25.05010509800963,0.019559414322198876
imagined,29,-26.675232491087232,-26.85220549746723,-27.292777910723515,-26.670438688740237,0.7993122283632772
imagined,30,-28.477442810589253,-28.571265095929167,-28.670339005205147,-28.64547767404093,0.11868361650413206
executed,1,-26.011346766602504,-26.24211844268451,-26.25313651961345,-25.94994435389951,0.5339638417959449
executed,2,-26.71973319080796,-26.875051361804847,-27.21984937901453,-27.065367819185735,0.3097997308256808
executed,3,-25.976884153678963,-25.991303099963904,-25.920920377453058,-25.944069880019114,-0.008730556281115298
executed,4,-28.31246232311463,-28.315512812736305,-28.139180038035956,-28.127643157674694,0.014587369982937304
executed,5,-27.818199616833176,-27.893718321027027,-27.516668165344615,-27.652867802627757,-0.06068093308929079
executed,6,-27.402904383528206,-27.37091573990009,-27.64922967230036,-27.352102639687633,0.2651383889846137
executed,7,-25.778111048925783,-26.11218107828238,-26.30647250760187,-25.75275778928593,0.8877847476725371
executed,8,-27.40088935378783,-27.388087379213406,-27.196689048268787,-27.36147073867002,-0.17758366497565703
executed,9,-26.00634627088731,-25.980400611013025,-25.96618242170427,-25.955828146817943,-0.015591384987956758
executed,10,-25.655838769628645,-25.957761231695095,-25.739427933986303,-24.93033936844601,1.111011027606743
executed,11,-28.326431847705205,-28.372416169124282,-28.258775758406856,-28.075830147087064,0.2289299327388683
executed,12,-27.786632149154787,-27.71718778401401,-27.600574282936957,-27.5940046096914,-0.06287469189522099
executed,13,-25.47932972877282,-25.84314549006087,-25.94862092641556,-25.976828269014486,0.33560841868912306
executed,14,-26.424187115820374,-26.249508589462156,-26.106699170144257,-25.991972968726476,-0.05995232494043634
executed,15,-25.359464093346762,-25.29627657206445,-25.61197213633765,-25.44367625720271,0.10510835785262529
executed,16,-27.329189830429954,-27.436312521399135,-27.472993350863984,-27.454022923841627,0.12609311799153744
executed,17,-25.576289560168053,-25.688949740061652,-25.99383739965572,-25.884454678817598,0.22204290073172217
executed,18,-29.47655904734094,-29.304391008427984,-29.290320950031596,-29.285409209463193,-0.1672562983445509
executed,19,-26.287672732145555,-26.345196897532922,-26.54498351243771,-26.529461407005776,0.07304627081930093
executed,20,-28.915311556771425,-28.971522339382393,-29.016153613058254,-29.041800738548563,0.030563657120659116
executed,21,-27.506742710364346,-27.72300438198548,-27.810829315452352,-27.65945517387192,0.36763581320156646
executed,22,-25.898573808378497,-25.918560952179952,-25.6307445601567,-25.666164232034387,-0.015432528076232188
executed,23,-25.828358621105057,-25.89794820088282,-25.88532830138486,-25.864637417176162,0.09028046398645984
executed,24,-27.220585383534043,-27.099097579446937,-26.876920815009324,-26.94931407783562,-0.19388106691340212
executed,25,-28.481160194748885,-28.576687739854663,-28.116777893267443,-28.11543317718364,0.09687226118958137
executed,26,-28.915342103153012,-28.72879813089137,-28.957544944905912,-29.074543172142395,-0.3035421994981249
executed,27,-26.021487536514975,-25.881259610130197,-25.70866781946489,-25.62724706900034,-0.058807175920229326
executed,28,-25.06610119270074,-25.22264342370361,-25.073716888600558,-25.093165599099294,0.13709352050413415
executed,29,-27.61281231646606,-27.789723207970518,-28.019119328921747,-27.728875993417255,0.46715422700895104
executed,30,-28.626489164302164,-28.75935023686424,-28.833312214913942,-28.784211978220156,0.18196130925586118
